{
	"route_1": 
	{
		"x": [2.0179416, -0.29099915, -2.6017607, -5.007858, -4.810334, -4.2780527,  -0.0835077, 7.18466165, 7.345364557, 3.989722800, -0.74441490, -5.06053364],
		"y": [-2.587592, -2.78336613, -2.6173990, -2.6972732, -4.125230, -4.057395, -4.1291188, -3.588903, -5.21547907, -5.24886882, -5.66276551, -5.66235257]
	},
	"route_2":
	{
		"x": [ -0.7444149,
 3.9897228,
 7.345364557,
 7.18466165,
 -0.0835077,
 -4.2780527,
 -4.810334,
 -5.007858,
 -2.6017607,
 -0.29099915,
 2.0179416, 6.620697774],
		"y": [ -5.66276551,
 -5.24886882,
 -5.21547907,
 -3.588903,
 -4.1291188,
 -4.057395,
 -4.12523,
 -2.6972732,
 -2.617399,
 -2.78336613,
 -2.587592, -2.011122012]

	},
	"route_3":
	{
                "x": [3.989722800, -0.74441490, -5.06053364, -4.810334, -4.2780527,  -0.0835077, 7.18466165, 6.620697774, 2.0179416, -0.29099915, -2.6017607, -5.007858],
                "y": [-5.24886882, -5.66276551, -5.66235257, -4.125230, -4.057395, -4.1291188, -3.588903, -2.011122012, -2.587592, -2.78336613, -2.6173990, -2.6972732]
        }
}
